<?xml version="1.0" encoding="UTF-8" standalone="yes"?>
<addon id="repository.sandalov" name="Dmitry Sandalov's XBMC Repo" version="1.0.1" provider-name="sandalov">
    <extension point="xbmc.addon.repository" name="Dmitry Sandalov's XBMC Repo">
        <info compressed="false">http://sandalov.org/x/xbmc1tv</info>
        <checksum>http://sandalov.org/x/md5xbmc</checksum>
        <datadir zip="false">http://sandalov.org/xbmc/plugins</datadir>
    </extension>
    <extension point="xbmc.addon.metadata">
        <summary>Dmitry Sandalov's XBMC Repo</summary>
        <description>Plug-ins for XBMC</description>
        <disclaimer></disclaimer>
        <platform>all</platform>
    </extension>
</addon>
